Date,Month,Month-Year,Children apprehended and placed in CBP custody*,Children in CBP custody,Children transferred out of CBP custody,Children in HHS Care,Children discharged from HHS Care,Total System Load,Net intake pressure,Discharge offset ratio,Care load Growth Rate,Backlog indicator
12-01-2023,January,2023-01,33,53,34,"6,566",436,"6,619",-402,12.82352941,-0.532338308,Stable/Reducing
22-01-2023,January,2023-01,32,49,39,"7,122",227,"7,171",-188,5.820512821,-0.244680851,Stable/Reducing
23-01-2023,January,2023-01,32,50,39,"7,280",181,"7,330",-142,4.641025641,-0.098591549,Stable/Reducing
24-01-2023,January,2023-01,47,42,47,"7,433",175,"7,475",-128,3.723404255,0.0859375,Stable/Reducing
25-01-2023,January,2023-01,20,22,41,"7,538",180,"7,560",-139,4.390243902,1.100719424,Stable/Reducing
29-01-2023,January,2023-01,23,45,11,"7,472",303,"7,517",-292,27.54545455,-0.428082192,Stable/Reducing
30-01-2023,January,2023-01,34,54,29,"7,743",196,"7,797",-167,6.75862069,-0.269461078,Stable/Reducing
31-01-2023,January,2023-01,26,36,36,"7,803",158,"7,839",-122,4.388888889,0.672131148,Stable/Reducing
01-02-2023,February,2023-02,25,32,27,"7,903",231,"7,935",-204,8.555555556,0.348039216,Stable/Reducing
02-02-2023,February,2023-02,15,13,23,"7,879",298,"7,892",-275,12.95652174,0.189090909,Stable/Reducing
05-02-2023,February,2023-02,16,18,15,"7,586",342,"7,604",-327,22.8,-0.437308869,Stable/Reducing
06-02-2023,February,2023-02,11,22,12,"7,720",196,"7,742",-184,16.33333333,-0.02173913,Stable/Reducing
07-02-2023,February,2023-02,16,20,20,"7,855",200,"7,875",-180,10,-0.177777778,Stable/Reducing
08-02-2023,February,2023-02,93,196,169,"7,915",317,"8,111",-148,1.875739645,0.297297297,Stable/Reducing
09-02-2023,February,2023-02,124,234,161,"7,908",353,"8,142",-192,2.192546584,-0.25,Stable/Reducing
12-02-2023,February,2023-02,92,203,173,"7,434",317,"7,637",-144,1.832369942,-0.5,Stable/Reducing
13-02-2023,February,2023-02,186,259,172,"7,483",244,"7,742",-72,1.418604651,-0.958333333,Stable/Reducing
14-02-2023,February,2023-02,154,225,220,"7,794",223,"8,019",-3,1.013636364,38.33333333,Stable/Reducing
15-02-2023,February,2023-02,91,199,172,"7,869",290,"8,068",-118,1.686046512,0.762711864,Stable/Reducing
16-02-2023,February,2023-02,81,213,153,"7,793",361,"8,006",-208,2.359477124,-0.879807692,Stable/Reducing
20-02-2023,February,2023-02,209,285,184,"7,817",209,"8,102",-25,1.135869565,-1.16,Stable/Reducing
21-02-2023,February,2023-02,184,314,217,"7,967",213,"8,281",4,0.98156682,-1.5,Increasing Pressure
22-02-2023,February,2023-02,107,215,230,"7,978",232,"8,193",-2,1.008695652,103,Stable/Reducing
23-02-2023,February,2023-02,101,162,178,"7,914",386,"8,076",-208,2.168539326,-0.293269231,Stable/Reducing
26-02-2023,February,2023-02,99,190,176,"7,609",323,"7,799",-147,1.835227273,-0.442176871,Stable/Reducing
27-02-2023,February,2023-02,167,239,166,"7,800",248,"8,039",-82,1.493975904,-0.62195122,Stable/Reducing
28-02-2023,February,2023-02,115,216,169,"7,896",200,"8,112",-31,1.183431953,2.677419355,Stable/Reducing
01-03-2023,March,2023-03,84,158,193,"7,930",307,"8,088",-114,1.590673575,0.254385965,Stable/Reducing
02-03-2023,March,2023-03,130,227,192,"7,870",335,"8,097",-143,1.744791667,-0.307692308,Stable/Reducing
07-03-2023,March,2023-03,88,214,160,"7,859",259,"8,073",-99,1.61875,0.333333333,Stable/Reducing
08-03-2023,March,2023-03,113,208,159,"7,885",291,"8,093",-132,1.830188679,0.439393939,Stable/Reducing
09-03-2023,March,2023-03,174,285,150,"7,786",340,"8,071",-190,2.266666667,-0.773684211,Stable/Reducing
13-03-2023,March,2023-03,104,230,206,"7,567",249,"7,797",-43,1.208737864,-1.76744186,Stable/Reducing
14-03-2023,March,2023-03,147,276,214,"7,810",181,"8,086",33,0.845794393,-3.212121212,Increasing Pressure
15-03-2023,March,2023-03,108,220,213,"7,915",286,"8,135",-73,1.342723005,1.219178082,Stable/Reducing
16-03-2023,March,2023-03,180,280,146,"7,989",308,"8,269",-162,2.109589041,-0.259259259,Stable/Reducing
19-03-2023,March,2023-03,134,294,186,"7,885",306,"8,179",-120,1.64516129,0.008333333,Stable/Reducing
20-03-2023,March,2023-03,202,313,158,"7,931",279,"8,244",-121,1.765822785,-0.768595041,Stable/Reducing
21-03-2023,March,2023-03,110,272,193,"8,050",221,"8,322",-28,1.14507772,-0.392857143,Stable/Reducing
22-03-2023,March,2023-03,166,277,229,"8,097",246,"8,374",-17,1.074235808,8,Stable/Reducing
23-03-2023,March,2023-03,136,276,178,"8,102",331,"8,378",-153,1.859550562,0.169934641,Stable/Reducing
26-03-2023,March,2023-03,87,246,173,"7,847",352,"8,093",-179,2.034682081,-0.56424581,Stable/Reducing
27-03-2023,March,2023-03,84,171,157,"7,994",235,"8,165",-78,1.496815287,-0.153846154,Stable/Reducing
28-03-2023,March,2023-03,167,209,157,"8,079",223,"8,288",-66,1.420382166,0.636363636,Stable/Reducing
29-03-2023,March,2023-03,109,245,159,"8,208",267,"8,453",-108,1.679245283,0.694444444,Stable/Reducing
30-03-2023,March,2023-03,156,256,176,"8,158",359,"8,414",-183,2.039772727,-0.387978142,Stable/Reducing
02-04-2023,April,2023-04,125,232,192,"7,981",304,"8,213",-112,1.583333333,0.035714286,Stable/Reducing
03-04-2023,April,2023-04,118,139,168,"8,054",284,"8,193",-116,1.69047619,0.034482759,Stable/Reducing
04-04-2023,April,2023-04,142,235,139,"8,068",259,"8,303",-120,1.863309353,-0.291666667,Stable/Reducing
05-04-2023,April,2023-04,148,245,175,"8,175",260,"8,420",-85,1.485714286,-0.129411765,Stable/Reducing
06-04-2023,April,2023-04,119,219,210,"8,178",284,"8,397",-74,1.352380952,1.432432432,Stable/Reducing
09-04-2023,April,2023-04,105,210,149,"7,900",329,"8,110",-180,2.208053691,-0.433333333,Stable/Reducing
10-04-2023,April,2023-04,143,203,163,"7,826",265,"8,029",-102,1.625766871,-0.656862745,Stable/Reducing
11-04-2023,April,2023-04,119,209,152,"7,922",187,"8,131",-35,1.230263158,1.914285714,Stable/Reducing
12-04-2023,April,2023-04,155,212,181,"7,876",283,"8,088",-102,1.563535912,0.931372549,Stable/Reducing
13-04-2023,April,2023-04,109,214,173,"7,795",370,"8,009",-197,2.138728324,-0.593908629,Stable/Reducing
16-04-2023,April,2023-04,191,283,192,"7,380",272,"7,663",-80,1.416666667,-0.35,Stable/Reducing
17-04-2023,April,2023-04,170,297,196,"7,344",248,"7,641",-52,1.265306122,-0.615384615,Stable/Reducing
18-04-2023,April,2023-04,152,272,214,"7,376",234,"7,648",-20,1.093457944,-0.75,Stable/Reducing
19-04-2023,April,2023-04,239,367,224,"7,356",229,"7,723",-5,1.022321429,15.6,Stable/Reducing
20-04-2023,April,2023-04,113,280,237,"7,490",320,"7,770",-83,1.35021097,-0.048192771,Stable/Reducing
23-04-2023,April,2023-04,196,306,187,"7,534",266,"7,840",-79,1.422459893,-1.113924051,Stable/Reducing
24-04-2023,April,2023-04,236,330,222,"7,796",213,"8,126",9,0.959459459,3.444444444,Increasing Pressure
25-04-2023,April,2023-04,81,230,242,"8,017",202,"8,247",40,0.834710744,-3.4,Increasing Pressure
26-04-2023,April,2023-04,118,245,160,"8,117",256,"8,362",-96,1.6,0.0625,Stable/Reducing
27-04-2023,April,2023-04,218,283,208,"8,159",310,"8,442",-102,1.490384615,0.078431373,Stable/Reducing
30-04-2023,April,2023-04,132,243,183,"8,352",293,"8,595",-110,1.601092896,-0.227272727,Stable/Reducing
01-05-2023,May,2023-05,224,315,152,"8,492",237,"8,807",-85,1.559210526,-0.623529412,Stable/Reducing
02-05-2023,May,2023-05,167,326,213,"8,654",245,"8,980",-32,1.150234742,0.09375,Stable/Reducing
03-05-2023,May,2023-05,209,353,232,"8,704",267,"9,057",-35,1.150862069,0.314285714,Stable/Reducing
04-05-2023,May,2023-05,153,253,286,"8,790",332,"9,043",-46,1.160839161,2.391304348,Stable/Reducing
07-05-2023,May,2023-05,180,337,219,"8,485",375,"8,822",-156,1.712328767,-0.538461538,Stable/Reducing
08-05-2023,May,2023-05,133,287,189,"8,590",261,"8,877",-72,1.380952381,-0.958333333,Stable/Reducing
09-05-2023,May,2023-05,187,310,247,"8,606",250,"8,916",-3,1.012145749,30.33333333,Stable/Reducing
10-05-2023,May,2023-05,168,285,210,"8,681",304,"8,966",-94,1.447619048,1,Stable/Reducing
11-05-2023,May,2023-05,269,412,204,"8,672",392,"9,084",-188,1.921568627,-0.723404255,Stable/Reducing
14-05-2023,May,2023-05,100,255,236,"8,445",288,"8,700",-52,1.220338983,0.923076923,Stable/Reducing
15-05-2023,May,2023-05,205,294,177,"8,571",277,"8,865",-100,1.564971751,-0.39,Stable/Reducing
16-05-2023,May,2023-05,161,304,211,"8,572",272,"8,876",-61,1.289099526,0.868852459,Stable/Reducing
17-05-2023,May,2023-05,57,162,193,"8,569",307,"8,731",-114,1.590673575,0.745614035,Stable/Reducing
18-05-2023,May,2023-05,80,122,152,"8,474",351,"8,596",-199,2.309210526,0.055276382,Stable/Reducing
21-05-2023,May,2023-05,107,170,133,"7,826",343,"7,996",-210,2.578947368,-0.519047619,Stable/Reducing
22-05-2023,May,2023-05,99,156,139,"7,848",240,"8,004",-101,1.726618705,0.504950495,Stable/Reducing
23-05-2023,May,2023-05,25,66,94,"7,788",246,"7,854",-152,2.617021277,0.467105263,Stable/Reducing
24-05-2023,May,2023-05,35,70,53,"7,709",276,"7,779",-223,5.20754717,0.542600897,Stable/Reducing
25-05-2023,May,2023-05,43,73,64,"7,546",408,"7,619",-344,6.375,-0.604651163,Stable/Reducing
29-05-2023,May,2023-05,41,60,71,"6,996",207,"7,056",-136,2.915492958,-0.242647059,Stable/Reducing
30-05-2023,May,2023-05,65,83,65,"7,046",168,"7,129",-103,2.584615385,0.242718447,Stable/Reducing
31-05-2023,May,2023-05,38,80,82,"7,053",210,"7,133",-128,2.56097561,-1.0390625,Stable/Reducing
01-08-2023,August,2023-08,87,246,173,"8,103",168,"8,349",5,0.971098266,-23.8,Increasing Pressure
02-08-2023,August,2023-08,84,171,157,"8,261",271,"8,432",-114,1.72611465,0.596491228,Stable/Reducing
03-08-2023,August,2023-08,167,209,157,"8,294",339,"8,503",-182,2.159235669,-0.104395604,Stable/Reducing
06-08-2023,August,2023-08,109,245,159,"8,298",322,"8,543",-163,2.025157233,-0.840490798,Stable/Reducing
07-08-2023,August,2023-08,156,256,176,"8,493",202,"8,749",-26,1.147727273,-0.423076923,Stable/Reducing
08-08-2023,August,2023-08,125,232,192,"8,725",207,"8,957",-15,1.078125,4.533333333,Stable/Reducing
09-08-2023,August,2023-08,118,139,168,"8,888",251,"9,027",-83,1.494047619,1.578313253,Stable/Reducing
10-08-2023,August,2023-08,142,235,139,"8,914",353,"9,149",-214,2.539568345,-0.471962617,Stable/Reducing
16-08-2023,August,2023-08,148,245,175,"9,634",288,"9,879",-113,1.645714286,0.743362832,Stable/Reducing
17-08-2023,August,2023-08,119,219,210,"9,694",407,"9,913",-197,1.938095238,0.223350254,Stable/Reducing
20-08-2023,August,2023-08,105,210,149,"9,483",390,"9,693",-241,2.617449664,-0.510373444,Stable/Reducing
21-08-2023,August,2023-08,143,203,163,"9,668",281,"9,871",-118,1.72392638,-0.338983051,Stable/Reducing
22-08-2023,August,2023-08,119,209,152,"9,921",230,"10,130",-78,1.513157895,0.333333333,Stable/Reducing
23-08-2023,August,2023-08,155,212,181,"10,071",285,"10,283",-104,1.574585635,1.596153846,Stable/Reducing
24-08-2023,August,2023-08,109,214,173,"10,026",443,"10,240",-270,2.560693642,0.096296296,Stable/Reducing
27-08-2023,August,2023-08,191,283,192,"9,873",488,"10,156",-296,2.541666667,-0.351351351,Stable/Reducing
28-08-2023,August,2023-08,170,297,196,"10,012",388,"10,309",-192,1.979591837,-0.625,Stable/Reducing
29-08-2023,August,2023-08,152,272,214,"10,180",286,"10,452",-72,1.336448598,0.972222222,Stable/Reducing
30-08-2023,August,2023-08,239,367,224,"10,280",366,"10,647",-142,1.633928571,0.887323944,Stable/Reducing
31-08-2023,August,2023-08,113,280,237,"10,140",505,"10,420",-268,2.130801688,0.27238806,Stable/Reducing
01-10-2023,October,2023-10,80,122,152,"10,598",493,"10,720",-341,3.243421053,-0.557184751,Stable/Reducing
02-10-2023,October,2023-10,107,170,133,"10,724",284,"10,894",-151,2.135338346,-0.01986755,Stable/Reducing
03-10-2023,October,2023-10,99,156,139,"10,818",287,"10,974",-148,2.064748201,0.594594595,Stable/Reducing
04-10-2023,October,2023-10,25,66,94,"10,963",330,"11,029",-236,3.510638298,0.584745763,Stable/Reducing
05-10-2023,October,2023-10,35,70,53,"11,130",427,"11,200",-374,8.056603774,-0.417112299,Stable/Reducing
09-10-2023,October,2023-10,43,73,64,"10,815",282,"10,888",-218,4.40625,-0.146788991,Stable/Reducing
10-10-2023,October,2023-10,41,60,71,"10,910",257,"10,970",-186,3.61971831,0.080645161,Stable/Reducing
11-10-2023,October,2023-10,65,83,65,"10,960",266,"11,043",-201,4.092307692,0.572139303,Stable/Reducing
12-10-2023,October,2023-10,38,80,82,"10,992",398,"11,072",-316,4.853658537,0.158227848,Stable/Reducing
15-10-2023,October,2023-10,56,82,68,"10,571",434,"10,653",-366,6.382352941,-0.31420765,Stable/Reducing
16-10-2023,October,2023-10,74,103,80,"10,629",331,"10,732",-251,4.1375,-0.151394422,Stable/Reducing
17-10-2023,October,2023-10,68,107,102,"10,630",315,"10,737",-213,3.088235294,0.408450704,Stable/Reducing
18-10-2023,October,2023-10,92,124,93,"10,511",393,"10,635",-300,4.225806452,-0.003333333,Stable/Reducing
19-10-2023,October,2023-10,113,162,107,"10,319",406,"10,481",-299,3.794392523,0.080267559,Stable/Reducing
22-10-2023,October,2023-10,106,196,131,"9,506",454,"9,702",-323,3.465648855,-0.507739938,Stable/Reducing
23-10-2023,October,2023-10,86,152,168,"9,436",327,"9,588",-159,1.946428571,0.031446541,Stable/Reducing
24-10-2023,October,2023-10,84,118,136,"9,396",300,"9,514",-164,2.205882353,0.073170732,Stable/Reducing
25-10-2023,October,2023-10,59,64,117,"9,351",293,"9,415",-176,2.504273504,0.920454545,Stable/Reducing
26-10-2023,October,2023-10,62,97,52,"9,235",390,"9,332",-338,7.5,-0.050295858,Stable/Reducing
29-10-2023,October,2023-10,91,75,97,"8,925",418,"9,000",-321,4.309278351,-0.168224299,Stable/Reducing
30-10-2023,October,2023-10,29,51,11,"9,026",278,"9,077",-267,25.27272727,-0.02247191,Stable/Reducing
31-10-2023,October,2023-10,33,53,34,"9,072",295,"9,125",-261,8.676470588,-0.685823755,Stable/Reducing
01-11-2023,November,2023-11,132,235,197,"9,250",279,"9,485",-82,1.416243655,-0.097560976,Stable/Reducing
02-11-2023,November,2023-11,174,208,256,"9,442",330,"9,650",-74,1.2890625,1.743243243,Stable/Reducing
05-11-2023,November,2023-11,123,230,167,"9,273",370,"9,503",-203,2.215568862,-0.226600985,Stable/Reducing
06-11-2023,November,2023-11,123,233,159,"9,286",316,"9,519",-157,1.987421384,-0.72611465,Stable/Reducing
07-11-2023,November,2023-11,141,232,188,"9,483",231,"9,715",-43,1.228723404,1.76744186,Stable/Reducing
08-11-2023,November,2023-11,158,226,191,"9,634",310,"9,860",-119,1.623036649,-0.327731092,Stable/Reducing
12-11-2023,November,2023-11,96,160,233,"9,477",313,"9,637",-80,1.343347639,0.975,Stable/Reducing
13-11-2023,November,2023-11,141,173,129,"9,510",287,"9,683",-158,2.224806202,-0.588607595,Stable/Reducing
14-11-2023,November,2023-11,116,181,182,"9,665",247,"9,846",-65,1.357142857,0.769230769,Stable/Reducing
15-11-2023,November,2023-11,150,157,201,"9,762",316,"9,919",-115,1.572139303,1.165217391,Stable/Reducing
16-11-2023,November,2023-11,80,176,125,"9,762",374,"9,938",-249,2.992,0.088353414,Stable/Reducing
19-11-2023,November,2023-11,116,188,164,"9,573",435,"9,761",-271,2.652439024,-0.483394834,Stable/Reducing
20-11-2023,November,2023-11,105,185,158,"9,638",298,"9,823",-140,1.886075949,-0.092857143,Stable/Reducing
21-11-2023,November,2023-11,136,246,123,"9,804",250,"10,050",-127,2.032520325,-0.165354331,Stable/Reducing
23-11-2023,November,2023-11,128,228,177,"9,838",283,"10,066",-106,1.598870056,0.009433962,Stable/Reducing
26-11-2023,November,2023-11,90,196,205,"9,845",312,"10,041",-107,1.52195122,0.364485981,Stable/Reducing
27-11-2023,November,2023-11,56,82,68,"10,123",214,"10,205",-146,3.147058824,-0.020547945,Stable/Reducing
28-11-2023,November,2023-11,74,103,80,"10,223",223,"10,326",-143,2.7875,0.272727273,Stable/Reducing
29-11-2023,November,2023-11,68,107,102,"10,398",284,"10,505",-182,2.784313725,0.247252747,Stable/Reducing
30-11-2023,November,2023-11,92,124,93,"10,536",320,"10,660",-227,3.440860215,-0.030837004,Stable/Reducing
03-12-2023,December,2023-12,132,235,197,"10,579",417,"10,814",-220,2.116751269,-0.922727273,Stable/Reducing
04-12-2023,December,2023-12,174,208,256,"10,635",273,"10,843",-17,1.06640625,4.529411765,Stable/Reducing
05-12-2023,December,2023-12,123,230,167,"10,761",261,"10,991",-94,1.562874251,1.308510638,Stable/Reducing
06-12-2023,December,2023-12,123,233,159,"10,832",376,"11,065",-217,2.364779874,0.281105991,Stable/Reducing
07-12-2023,December,2023-12,141,232,188,"10,897",466,"11,129",-278,2.478723404,-0.208633094,Stable/Reducing
10-12-2023,December,2023-12,158,226,191,"10,871",411,"11,097",-220,2.151832461,-0.677272727,Stable/Reducing
11-12-2023,December,2023-12,96,160,233,"10,998",304,"11,158",-71,1.30472103,0.830985915,Stable/Reducing
12-12-2023,December,2023-12,141,173,129,"11,077",259,"11,250",-130,2.007751938,0.176923077,Stable/Reducing
13-12-2023,December,2023-12,116,181,182,"11,192",335,"11,373",-153,1.840659341,0.274509804,Stable/Reducing
14-12-2023,December,2023-12,150,157,201,"11,242",396,"11,399",-195,1.970149254,0.697435897,Stable/Reducing
17-12-2023,December,2023-12,80,176,125,"11,092",456,"11,268",-331,3.648,-0.395770393,Stable/Reducing
18-12-2023,December,2023-12,116,188,164,"11,149",364,"11,337",-200,2.219512195,-0.43,Stable/Reducing
19-12-2023,December,2023-12,105,185,158,"11,291",272,"11,476",-114,1.721518987,1.342105263,Stable/Reducing
20-12-2023,December,2023-12,136,246,123,"11,516",390,"11,762",-267,3.170731707,0.198501873,Stable/Reducing
21-12-2023,December,2023-12,128,228,177,"11,375",497,"11,603",-320,2.807909605,-0.55625,Stable/Reducing
25-12-2023,December,2023-12,90,196,205,"11,144",347,"11,340",-142,1.692682927,0.549295775,Stable/Reducing
26-12-2023,December,2023-12,56,82,68,"11,217",288,"11,299",-220,4.235294118,0.159090909,Stable/Reducing
27-12-2023,December,2023-12,74,103,80,"11,206",335,"11,309",-255,4.1875,0,Stable/Reducing
28-12-2023,December,2023-12,68,107,102,"11,230",357,"11,337",-255,3.5,-0.22745098,Stable/Reducing
01-01-2024,January,2024-01,92,124,93,"10,870",290,"10,994",-197,3.11827957,0.060913706,Stable/Reducing
02-01-2024,January,2024-01,113,162,107,"10,770",316,"10,932",-209,2.953271028,-0.368421053,Stable/Reducing
03-01-2024,January,2024-01,106,196,131,"10,718",263,"10,914",-132,2.007633588,0.46969697,Stable/Reducing
04-01-2024,January,2024-01,86,152,168,"10,558",362,"10,710",-194,2.154761905,0.190721649,Stable/Reducing
07-01-2024,January,2024-01,84,118,136,"9,670",367,"9,788",-231,2.698529412,0.082251082,Stable/Reducing
08-01-2024,January,2024-01,59,64,117,"9,670",367,"9,734",-250,3.136752137,-0.064,Stable/Reducing
09-01-2024,January,2024-01,62,97,52,"9,311",286,"9,408",-234,5.5,0.076923077,Stable/Reducing
10-01-2024,January,2024-01,91,75,97,"9,144",349,"9,219",-252,3.597938144,0.845238095,Stable/Reducing
11-01-2024,January,2024-01,29,51,11,"8,829",476,"8,880",-465,43.27272727,-0.569892473,Stable/Reducing
15-01-2024,January,2024-01,33,53,34,"8,033",234,"8,086",-200,6.882352941,-0.255,Stable/Reducing
16-01-2024,January,2024-01,32,49,39,"8,133",188,"8,182",-149,4.820512821,0.530201342,Stable/Reducing
17-01-2024,January,2024-01,80,176,125,"8,072",353,"8,248",-228,2.824,-0.144736842,Stable/Reducing
18-01-2024,January,2024-01,116,188,164,"8,042",359,"8,230",-195,2.18902439,0.092307692,Stable/Reducing
21-01-2024,January,2024-01,105,185,158,"7,974",371,"8,159",-213,2.348101266,-0.535211268,Stable/Reducing
22-01-2024,January,2024-01,136,246,123,"8,008",222,"8,254",-99,1.804878049,-0.747474747,Stable/Reducing
23-01-2024,January,2024-01,128,228,177,"8,133",202,"8,361",-25,1.141242938,0.52,Stable/Reducing
24-01-2024,January,2024-01,90,196,205,"8,212",243,"8,408",-38,1.185365854,2.631578947,Stable/Reducing
25-01-2024,January,2024-01,102,189,155,"8,180",293,"8,369",-138,1.890322581,0.311594203,Stable/Reducing
28-01-2024,January,2024-01,120,257,126,"8,004",307,"8,261",-181,2.436507937,-0.839779006,Stable/Reducing
29-01-2024,January,2024-01,137,272,166,"8,057",195,"8,329",-29,1.174698795,-1.724137931,Stable/Reducing
30-01-2024,January,2024-01,93,198,208,"8,182",187,"8,380",21,0.899038462,-1.380952381,Increasing Pressure
31-01-2024,January,2024-01,203,477,258,"8,153",266,"8,630",-8,1.031007752,5,Stable/Reducing
01-02-2024,February,2024-02,222,459,289,"8,026",337,"8,485",-48,1.166089965,0.958333333,Stable/Reducing
04-02-2024,February,2024-02,253,531,248,"7,813",342,"8,344",-94,1.379032258,-2.095744681,Stable/Reducing
05-02-2024,February,2024-02,157,466,345,"7,872",242,"8,338",103,0.701449275,0.40776699,Increasing Pressure
06-02-2024,February,2024-02,291,455,323,"8,045",178,"8,500",145,0.551083591,-0.255172414,Increasing Pressure
07-02-2024,February,2024-02,227,453,330,"8,160",222,"8,613",108,0.672727273,-0.601851852,Increasing Pressure
08-02-2024,February,2024-02,298,499,358,"8,188",315,"8,687",43,0.879888268,-3.813953488,Increasing Pressure
11-02-2024,February,2024-02,205,515,226,"8,056",347,"8,571",-121,1.53539823,-2.702479339,Stable/Reducing
12-02-2024,February,2024-02,213,430,440,"8,092",234,"8,522",206,0.531818182,-0.082524272,Increasing Pressure
13-02-2024,February,2024-02,227,369,349,"8,348",160,"8,717",189,0.458452722,-0.777777778,Increasing Pressure
14-02-2024,February,2024-02,185,322,272,"8,512",230,"8,834",42,0.845588235,-1.952380952,Increasing Pressure
15-02-2024,February,2024-02,333,508,272,"8,463",312,"8,971",-40,1.147058824,-4.825,Stable/Reducing
19-02-2024,February,2024-02,249,420,371,"8,380",218,"8,800",153,0.587601078,-0.470588235,Increasing Pressure
20-02-2024,February,2024-02,149,395,273,"8,488",192,"8,883",81,0.703296703,0.074074074,Increasing Pressure
21-02-2024,February,2024-02,232,430,318,"8,573",231,"9,003",87,0.726415094,-1.011494253,Increasing Pressure
22-02-2024,February,2024-02,165,400,292,"8,607",293,"9,007",-1,1.003424658,-38,Stable/Reducing
25-02-2024,February,2024-02,244,482,366,"8,404",329,"8,886",37,0.898907104,-1.081081081,Increasing Pressure
26-02-2024,February,2024-02,199,438,326,"8,404",329,"8,842",-3,1.009202454,-34.33333333,Stable/Reducing
27-02-2024,February,2024-02,197,369,306,"8,650",206,"9,019",100,0.673202614,-0.83,Increasing Pressure
28-02-2024,February,2024-02,209,447,274,"8,699",257,"9,146",17,0.937956204,2.235294118,Increasing Pressure
29-02-2024,February,2024-02,262,444,354,"8,724",299,"9,168",55,0.844632768,-1.127272727,Increasing Pressure
03-03-2024,March,2024-03,236,468,347,"8,594",354,"9,062",-7,1.020172911,-16.85714286,Stable/Reducing
04-03-2024,March,2024-03,225,509,340,"8,660",229,"9,169",111,0.673529412,0.18018018,Increasing Pressure
05-03-2024,March,2024-03,246,472,345,"8,800",214,"9,272",131,0.620289855,-0.65648855,Increasing Pressure
06-03-2024,March,2024-03,230,457,277,"8,870",232,"9,327",45,0.837545126,-0.488888889,Increasing Pressure
07-03-2024,March,2024-03,181,424,328,"8,902",305,"9,326",23,0.929878049,-3.043478261,Increasing Pressure
10-03-2024,March,2024-03,190,368,326,"8,714",373,"9,082",-47,1.144171779,-1.787234043,Stable/Reducing
11-03-2024,March,2024-03,178,336,290,"8,757",253,"9,093",37,0.872413793,1.081081081,Increasing Pressure
12-03-2024,March,2024-03,154,294,290,"8,843",213,"9,137",77,0.734482759,-1.935064935,Increasing Pressure
13-03-2024,March,2024-03,165,358,167,"8,819",239,"9,177",-72,1.431137725,-0.194444444,Stable/Reducing
14-03-2024,March,2024-03,166,301,252,"8,695",310,"8,996",-58,1.23015873,0.431034483,Stable/Reducing
17-03-2024,March,2024-03,127,260,259,"8,373",342,"8,633",-83,1.32046332,0.144578313,Stable/Reducing
18-03-2024,March,2024-03,123,243,188,"8,333",283,"8,576",-95,1.505319149,-1.621052632,Stable/Reducing
19-03-2024,March,2024-03,99,202,256,"8,390",197,"8,592",59,0.76953125,-1.898305085,Increasing Pressure
20-03-2024,March,2024-03,91,181,174,"8,365",227,"8,546",-53,1.304597701,0.773584906,Stable/Reducing
21-03-2024,March,2024-03,132,261,141,"8,292",235,"8,553",-94,1.666666667,0.617021277,Stable/Reducing
24-03-2024,March,2024-03,124,264,221,"7,899",373,"8,163",-152,1.687782805,-0.967105263,Stable/Reducing
25-03-2024,March,2024-03,128,242,224,"7,899",229,"8,141",-5,1.022321429,0.6,Stable/Reducing
26-03-2024,March,2024-03,187,276,200,"7,919",208,"8,195",-8,1.04,2.75,Stable/Reducing
27-03-2024,March,2024-03,129,287,185,"7,893",215,"8,180",-30,1.162162162,2.733333333,Stable/Reducing
28-03-2024,March,2024-03,161,288,248,"7,762",360,"8,050",-112,1.451612903,0.214285714,Stable/Reducing
31-03-2024,March,2024-03,105,254,151,"7,257",287,"7,511",-136,1.900662252,-0.992647059,Stable/Reducing
01-04-2024,April,2024-04,109,235,171,"7,271",172,"7,506",-1,1.005847953,-44,Stable/Reducing
02-04-2024,April,2024-04,101,230,175,"7,340",132,"7,570",43,0.754285714,-0.372093023,Increasing Pressure
03-04-2024,April,2024-04,124,230,190,"7,346",163,"7,576",27,0.857894737,-3.703703704,Increasing Pressure
04-04-2024,April,2024-04,95,226,152,"7,317",225,"7,543",-73,1.480263158,-0.369863014,Stable/Reducing
07-04-2024,April,2024-04,106,239,233,"6,982",279,"7,221",-46,1.197424893,-0.304347826,Stable/Reducing
08-04-2024,April,2024-04,102,230,167,"6,988",199,"7,218",-32,1.191616766,-3.71875,Stable/Reducing
09-04-2024,April,2024-04,118,231,217,"7,043",130,"7,274",87,0.599078341,-1.977011494,Increasing Pressure
10-04-2024,April,2024-04,117,244,142,"6,999",227,"7,243",-85,1.598591549,-0.235294118,Stable/Reducing
11-04-2024,April,2024-04,183,221,220,"6,912",285,"7,133",-65,1.295454545,-0.276923077,Stable/Reducing
14-04-2024,April,2024-04,128,245,243,"6,630",290,"6,875",-47,1.193415638,-0.680851064,Stable/Reducing
15-04-2024,April,2024-04,144,303,176,"6,681",191,"6,984",-15,1.085227273,-3.8,Stable/Reducing
16-04-2024,April,2024-04,219,392,205,"6,685",163,"7,077",42,0.795121951,0.119047619,Increasing Pressure
17-04-2024,April,2024-04,182,371,274,"6,725",227,"7,096",47,0.828467153,-1.042553191,Increasing Pressure
18-04-2024,April,2024-04,144,322,258,"6,728",260,"7,050",-2,1.007751938,-52.5,Stable/Reducing
21-04-2024,April,2024-04,208,380,343,"6,745",240,"7,125",103,0.699708455,-0.640776699,Increasing Pressure
22-04-2024,April,2024-04,176,424,251,"6,799",214,"7,223",37,0.852589641,3.675675676,Increasing Pressure
23-04-2024,April,2024-04,252,427,307,"6,967",134,"7,394",173,0.436482085,-0.115606936,Increasing Pressure
24-04-2024,April,2024-04,253,411,307,"7,128",154,"7,539",153,0.501628664,-0.241830065,Increasing Pressure
25-04-2024,April,2024-04,145,357,333,"7,209",217,"7,566",116,0.651651652,-0.00862069,Increasing Pressure
28-04-2024,April,2024-04,158,349,365,"7,298",250,"7,647",115,0.684931507,-0.408695652,Increasing Pressure
29-04-2024,April,2024-04,140,292,255,"7,373",187,"7,665",68,0.733333333,-0.132352941,Increasing Pressure
30-04-2024,April,2024-04,220,443,194,"7,431",135,"7,874",59,0.695876289,0.779661017,Increasing Pressure
01-05-2024,May,2024-05,197,437,295,"7,508",190,"7,945",105,0.644067797,-0.057142857,Increasing Pressure
02-05-2024,May,2024-05,206,411,293,"7,577",194,"7,988",99,0.662116041,-2.050505051,Increasing Pressure
05-05-2024,May,2024-05,150,315,228,"7,447",332,"7,762",-104,1.456140351,-1.057692308,Stable/Reducing
06-05-2024,May,2024-05,173,337,211,"7,449",205,"7,786",6,0.971563981,12.83333333,Increasing Pressure
07-05-2024,May,2024-05,176,334,246,"7,566",163,"7,900",83,0.662601626,-0.963855422,Increasing Pressure
08-05-2024,May,2024-05,167,374,205,"7,583",202,"7,957",3,0.985365854,7,Increasing Pressure
09-05-2024,May,2024-05,138,285,268,"7,570",244,"7,855",24,0.910447761,-0.25,Increasing Pressure
12-05-2024,May,2024-05,138,301,263,"7,464",245,"7,765",18,0.931558935,-0.444444444,Increasing Pressure
13-05-2024,May,2024-05,112,331,167,"7,499",157,"7,830",10,0.94011976,2.2,Increasing Pressure
14-05-2024,May,2024-05,246,419,218,"7,546",186,"7,965",32,0.853211009,1.375,Increasing Pressure
15-05-2024,May,2024-05,115,285,341,"7,589",265,"7,874",76,0.7771261,-1.263157895,Increasing Pressure
16-05-2024,May,2024-05,206,340,214,"7,565",234,"7,905",-20,1.093457944,0,Stable/Reducing
19-05-2024,May,2024-05,143,295,278,"7,356",298,"7,651",-20,1.071942446,-2.25,Stable/Reducing
20-05-2024,May,2024-05,111,268,217,"7,368",192,"7,636",25,0.884792627,0.24,Increasing Pressure
21-05-2024,May,2024-05,196,348,176,"7,404",145,"7,752",31,0.823863636,1.064516129,Increasing Pressure
22-05-2024,May,2024-05,168,349,272,"7,474",208,"7,823",64,0.764705882,0.359375,Increasing Pressure
23-05-2024,May,2024-05,193,272,314,"7,494",227,"7,766",87,0.722929936,-0.022988506,Increasing Pressure
27-05-2024,May,2024-05,156,344,252,"7,365",167,"7,709",85,0.662698413,0.035294118,Increasing Pressure
28-05-2024,May,2024-05,153,348,239,"7,418",151,"7,766",88,0.631799163,-0.806818182,Increasing Pressure
29-05-2024,May,2024-05,182,462,158,"7,491",141,"7,953",17,0.892405063,7.764705882,Increasing Pressure
30-05-2024,May,2024-05,167,406,339,"7,563",190,"7,969",149,0.560471976,-0.711409396,Increasing Pressure
01-08-2024,August,2024-08,227,298,212,"6,016",169,"6,314",43,0.797169811,-1.627906977,Increasing Pressure
04-08-2024,August,2024-08,63,167,143,"5,943",170,"6,110",-27,1.188811189,-0.555555556,Stable/Reducing
05-08-2024,August,2024-08,172,259,138,"5,950",150,"6,209",-12,1.086956522,-5.75,Stable/Reducing
06-08-2024,August,2024-08,163,283,200,"5,998",143,"6,281",57,0.715,-0.421052632,Increasing Pressure
07-08-2024,August,2024-08,135,273,207,"6,038",174,"6,311",33,0.84057971,0.181818182,Increasing Pressure
08-08-2024,August,2024-08,119,230,213,"6,084",174,"6,314",39,0.816901408,-3.794871795,Increasing Pressure
11-08-2024,August,2024-08,95,211,140,"5,894",249,"6,105",-109,1.778571429,-1.064220183,Stable/Reducing
12-08-2024,August,2024-08,109,219,155,"5,903",148,"6,122",7,0.95483871,8.428571429,Increasing Pressure
13-08-2024,August,2024-08,162,239,189,"5,981",123,"6,220",66,0.650793651,-0.803030303,Increasing Pressure
14-08-2024,August,2024-08,109,226,191,"5,987",178,"6,213",13,0.931937173,-5.923076923,Increasing Pressure
15-08-2024,August,2024-08,124,241,156,"5,895",220,"6,136",-64,1.41025641,-1.890625,Stable/Reducing
18-08-2024,August,2024-08,86,244,235,"5,821",178,"6,065",57,0.757446809,-0.929824561,Increasing Pressure
19-08-2024,August,2024-08,176,254,162,"5,865",158,"6,119",4,0.975308642,32.25,Increasing Pressure
20-08-2024,August,2024-08,136,274,245,"5,995",112,"6,269",133,0.457142857,-0.917293233,Increasing Pressure
21-08-2024,August,2024-08,134,245,167,"6,028",156,"6,273",11,0.934131737,2.090909091,Increasing Pressure
22-08-2024,August,2024-08,182,307,205,"6,054",171,"6,361",34,0.834146341,2.676470588,Increasing Pressure
27-08-2024,August,2024-08,149,285,222,"6,152",97,"6,437",125,0.436936937,-0.648,Increasing Pressure
28-08-2024,August,2024-08,170,285,178,"6,227",134,"6,512",44,0.752808989,-0.568181818,Increasing Pressure
29-08-2024,August,2024-08,145,295,188,"6,250",169,"6,545",19,0.89893617,3.210526316,Increasing Pressure
01-10-2024,October,2024-10,184,314,217,"6,040",137,"6,354",80,0.631336406,-0.2875,Increasing Pressure
02-10-2024,October,2024-10,107,215,230,"6,091",173,"6,306",57,0.752173913,-1.263157895,Increasing Pressure
03-10-2024,October,2024-10,101,162,178,"6,118",193,"6,280",-15,1.084269663,-2.533333333,Stable/Reducing
07-10-2024,October,2024-10,99,190,176,"5,968",153,"6,158",23,0.869318182,0.869565217,Increasing Pressure
08-10-2024,October,2024-10,167,239,166,"6,013",123,"6,252",43,0.740963855,-0.255813953,Increasing Pressure
09-10-2024,October,2024-10,115,216,169,"6,047",137,"6,263",32,0.810650888,0.0625,Increasing Pressure
10-10-2024,October,2024-10,84,158,193,"6,075",159,"6,233",34,0.823834197,-1.529411765,Increasing Pressure
13-10-2024,October,2024-10,130,227,192,"5,889",210,"6,116",-18,1.09375,-4,Stable/Reducing
14-10-2024,October,2024-10,88,214,160,"5,935",106,"6,149",54,0.6625,-0.037037037,Increasing Pressure
15-10-2024,October,2024-10,113,208,159,"6,013",107,"6,221",52,0.672955975,-0.596153846,Increasing Pressure
16-10-2024,October,2024-10,174,285,150,"6,036",129,"6,321",21,0.86,1.19047619,Increasing Pressure
17-10-2024,October,2024-10,104,230,206,"6,076",160,"6,306",46,0.776699029,-0.586956522,Increasing Pressure
20-10-2024,October,2024-10,147,276,214,"5,918",195,"6,194",19,0.911214953,2.105263158,Increasing Pressure
21-10-2024,October,2024-10,108,220,213,"5,966",154,"6,186",59,0.723004695,-0.372881356,Increasing Pressure
22-10-2024,October,2024-10,180,280,146,"6,043",109,"6,323",37,0.746575342,0.297297297,Increasing Pressure
23-10-2024,October,2024-10,134,294,186,"6,077",138,"6,371",48,0.741935484,-1.708333333,Increasing Pressure
27-10-2024,October,2024-10,202,313,158,"5,974",192,"6,287",-34,1.215189873,-2.088235294,Stable/Reducing
28-10-2024,October,2024-10,110,272,193,"6,008",156,"6,280",37,0.808290155,1.783783784,Increasing Pressure
29-10-2024,October,2024-10,166,277,229,"6,106",126,"6,383",103,0.550218341,-0.825242718,Increasing Pressure
30-10-2024,October,2024-10,136,276,178,"6,149",160,"6,425",18,0.898876404,-1.222222222,Increasing Pressure
31-10-2024,October,2024-10,87,246,173,"6,148",177,"6,394",-4,1.023121387,5.75,Stable/Reducing
03-11-2024,November,2024-11,84,171,157,"5,990",184,"6,161",-27,1.171974522,-1.925925926,Stable/Reducing
04-11-2024,November,2024-11,167,209,157,"6,007",132,"6,216",25,0.840764331,0.32,Increasing Pressure
05-11-2024,November,2024-11,109,245,159,"6,045",126,"6,290",33,0.79245283,0.181818182,Increasing Pressure
06-11-2024,November,2024-11,156,256,176,"6,086",137,"6,342",39,0.778409091,-0.615384615,Increasing Pressure
07-11-2024,November,2024-11,125,232,192,"6,084",177,"6,316",15,0.921875,0.533333333,Increasing Pressure
11-11-2024,November,2024-11,118,139,168,"5,963",145,"6,102",23,0.863095238,-0.956521739,Increasing Pressure
12-11-2024,November,2024-11,142,235,139,"5,975",138,"6,210",1,0.992805755,23,Increasing Pressure
13-11-2024,November,2024-11,148,245,175,"5,966",151,"6,211",24,0.862857143,0.583333333,Increasing Pressure
14-11-2024,November,2024-11,119,219,210,"6,025",172,"6,244",38,0.819047619,-2.210526316,Increasing Pressure
17-11-2024,November,2024-11,105,210,149,"5,816",195,"6,026",-46,1.308724832,-1.543478261,Stable/Reducing
18-11-2024,November,2024-11,143,203,163,"5,819",138,"6,022",25,0.846625767,-0.76,Increasing Pressure
19-11-2024,November,2024-11,119,209,152,"5,844",146,"6,053",6,0.960526316,4.5,Increasing Pressure
20-11-2024,November,2024-11,155,212,181,"5,879",148,"6,091",33,0.817679558,-2.121212121,Increasing Pressure
21-11-2024,November,2024-11,109,214,173,"5,850",210,"6,064",-37,1.213872832,-0.594594595,Stable/Reducing
24-11-2024,November,2024-11,191,283,192,"5,664",207,"5,947",-15,1.078125,-5.466666667,Stable/Reducing
25-11-2024,November,2024-11,170,297,196,"5,715",129,"6,012",67,0.658163265,0.52238806,Increasing Pressure
26-11-2024,November,2024-11,152,272,214,"5,826",112,"6,098",102,0.523364486,-0.87254902,Increasing Pressure
27-11-2024,November,2024-11,239,367,224,"5,862",211,"6,229",13,0.941964286,6.230769231,Increasing Pressure
28-11-2024,November,2024-11,113,280,237,"5,963",143,"6,243",94,0.603375527,-0.595744681,Increasing Pressure
01-12-2024,December,2024-12,196,306,187,"5,986",149,"6,292",38,0.796791444,1.815789474,Increasing Pressure
02-12-2024,December,2024-12,236,330,222,"6,061",115,"6,391",107,0.518018018,0.261682243,Increasing Pressure
03-12-2024,December,2024-12,81,230,242,"6,192",107,"6,422",135,0.44214876,-0.666666667,Increasing Pressure
04-12-2024,December,2024-12,118,245,160,"6,269",115,"6,514",45,0.71875,0.288888889,Increasing Pressure
05-12-2024,December,2024-12,218,283,208,"6,310",150,"6,593",58,0.721153846,-0.810344828,Increasing Pressure
08-12-2024,December,2024-12,132,243,183,"6,286",172,"6,529",11,0.93989071,-3,Increasing Pressure
09-12-2024,December,2024-12,224,315,152,"6,268",174,"6,583",-22,1.144736842,-3.909090909,Stable/Reducing
10-12-2024,December,2024-12,167,326,213,"6,310",149,"6,636",64,0.699530516,0.25,Increasing Pressure
11-12-2024,December,2024-12,209,353,232,"6,402",152,"6,755",80,0.655172414,0.15,Increasing Pressure
12-12-2024,December,2024-12,153,253,286,"6,481",194,"6,734",92,0.678321678,-1.054347826,Increasing Pressure
15-12-2024,December,2024-12,180,337,219,"6,408",224,"6,745",-5,1.02283105,-9,Stable/Reducing
16-12-2024,December,2024-12,133,287,189,"6,454",149,"6,741",40,0.788359788,1.4,Increasing Pressure
17-12-2024,December,2024-12,187,310,247,"6,506",151,"6,816",96,0.611336032,-0.208333333,Increasing Pressure
18-12-2024,December,2024-12,168,285,210,"6,598",134,"6,883",76,0.638095238,-1.447368421,Increasing Pressure
19-12-2024,December,2024-12,269,412,204,"6,600",238,"7,012",-34,1.166666667,-0.058823529,Stable/Reducing
22-12-2024,December,2024-12,100,255,236,"6,595",268,"6,850",-32,1.13559322,0.6875,Stable/Reducing
23-12-2024,December,2024-12,205,294,177,"6,548",231,"6,842",-54,1.305084746,-2.037037037,Stable/Reducing
24-12-2024,December,2024-12,161,304,211,"6,622",155,"6,926",56,0.734597156,0.535714286,Increasing Pressure
25-12-2024,December,2024-12,57,162,193,"6,689",107,"6,851",86,0.554404145,-0.802325581,Increasing Pressure
26-12-2024,December,2024-12,80,122,152,"6,707",135,"6,829",17,0.888157895,-5.882352941,Increasing Pressure
29-12-2024,December,2024-12,107,170,133,"6,465",216,"6,635",-83,1.62406015,-0.542168675,Stable/Reducing
30-12-2024,December,2024-12,99,156,139,"6,454",177,"6,610",-38,1.273381295,0.315789474,Stable/Reducing
01-01-2025,January,2025-01,25,66,94,"6,405",144,"6,471",-50,1.531914894,1.34,Stable/Reducing
02-01-2025,January,2025-01,35,70,53,"6,292",170,"6,362",-117,3.20754717,0.034188034,Stable/Reducing
05-01-2025,January,2025-01,43,73,64,"5,882",185,"5,955",-121,2.890625,-0.016528926,Stable/Reducing
06-01-2025,January,2025-01,41,60,71,"5,769",190,"5,829",-119,2.676056338,-0.428571429,Stable/Reducing
07-01-2025,January,2025-01,65,83,65,"5,703",133,"5,786",-68,2.046153846,0.5,Stable/Reducing
08-01-2025,January,2025-01,38,80,82,"5,605",184,"5,685",-102,2.243902439,-0.058823529,Stable/Reducing
09-01-2025,January,2025-01,56,82,68,"5,507",164,"5,589",-96,2.411764706,0.614583333,Stable/Reducing
12-01-2025,January,2025-01,74,103,80,"5,092",235,"5,195",-155,2.9375,-0.490322581,Stable/Reducing
13-01-2025,January,2025-01,68,107,102,"5,019",181,"5,126",-79,1.774509804,-0.417721519,Stable/Reducing
14-01-2025,January,2025-01,92,124,93,"4,957",139,"5,081",-46,1.494623656,0.239130435,Stable/Reducing
15-01-2025,January,2025-01,113,162,107,"4,903",164,"5,065",-57,1.53271028,-0.50877193,Stable/Reducing
16-01-2025,January,2025-01,106,196,131,"4,881",159,"5,077",-28,1.213740458,-0.714285714,Stable/Reducing
19-01-2025,January,2025-01,86,152,168,"4,628",176,"4,780",-8,1.047619048,-2.125,Stable/Reducing
20-01-2025,January,2025-01,84,118,136,"4,638",127,"4,756",9,0.933823529,6,Increasing Pressure
21-01-2025,January,2025-01,59,64,117,"4,728",54,"4,792",63,0.461538462,-1.492063492,Increasing Pressure
22-01-2025,January,2025-01,62,97,52,"4,717",83,"4,814",-31,1.596153846,1.483870968,Stable/Reducing
23-01-2025,January,2025-01,91,75,97,"4,621",174,"4,696",-77,1.793814433,1.220779221,Stable/Reducing
26-01-2025,January,2025-01,29,51,11,"4,241",182,"4,292",-171,16.54545455,-0.456140351,Stable/Reducing
27-01-2025,January,2025-01,33,53,34,"4,161",127,"4,214",-93,3.735294118,-0.333333333,Stable/Reducing
28-01-2025,January,2025-01,32,49,39,"4,096",101,"4,145",-62,2.58974359,-0.032258065,Stable/Reducing
29-01-2025,January,2025-01,32,50,39,"4,036",99,"4,086",-60,2.538461538,0.866666667,Stable/Reducing
30-01-2025,January,2025-01,47,42,47,"3,923",159,"3,965",-112,3.382978723,0.133928571,Stable/Reducing
02-02-2025,February,2025-02,20,22,41,"3,483",168,"3,505",-127,4.097560976,-0.283464567,Stable/Reducing
03-02-2025,February,2025-02,23,45,11,"3,403",102,"3,448",-91,9.272727273,-0.505494505,Stable/Reducing
04-02-2025,February,2025-02,34,54,29,"3,359",74,"3,413",-45,2.551724138,0.511111111,Stable/Reducing
05-02-2025,February,2025-02,26,36,36,"3,290",104,"3,326",-68,2.888888889,0.735294118,Stable/Reducing
06-02-2025,February,2025-02,25,32,27,"3,181",145,"3,213",-118,5.37037037,-0.355932203,Stable/Reducing
09-02-2025,February,2025-02,15,13,23,"2,878",99,"2,891",-76,4.304347826,-0.368421053,Stable/Reducing
10-02-2025,February,2025-02,16,18,15,"2,834",63,"2,852",-48,4.2,-0.208333333,Stable/Reducing
11-02-2025,February,2025-02,11,22,12,"2,799",50,"2,821",-38,4.166666667,0.210526316,Stable/Reducing
12-02-2025,February,2025-02,16,20,20,"2,752",66,"2,772",-46,3.3,0.065217391,Stable/Reducing
13-02-2025,February,2025-02,15,10,23,"2,703",72,"2,713",-49,3.130434783,-0.979591837,Stable/Reducing
17-02-2025,February,2025-02,8,17,14,"2,532",15,"2,549",-1,1.071428571,-3,Stable/Reducing
18-02-2025,February,2025-02,18,19,11,"2,536",9,"2,555",2,0.818181818,-2,Increasing Pressure
19-02-2025,February,2025-02,12,17,17,"2,528",19,"2,545",-2,1.117647059,7.5,Stable/Reducing
20-02-2025,February,2025-02,13,25,15,"2,520",32,"2,545",-17,2.133333333,0.588235294,Stable/Reducing
23-02-2025,February,2025-02,7,16,8,"2,423",35,"2,439",-27,4.375,-0.62962963,Stable/Reducing
24-02-2025,February,2025-02,20,22,14,"2,413",24,"2,435",-10,1.714285714,0.6,Stable/Reducing
25-02-2025,February,2025-02,11,7,7,"2,413",23,"2,420",-16,3.285714286,0.375,Stable/Reducing
26-02-2025,February,2025-02,12,21,1,"2,411",23,"2,432",-22,23,-0.090909091,Stable/Reducing
27-02-2025,February,2025-02,10,15,17,"2,391",37,"2,406",-20,2.176470588,0.35,Stable/Reducing
02-03-2025,March,2025-03,12,24,4,"2,297",31,"2,321",-27,7.75,-0.740740741,Stable/Reducing
03-03-2025,March,2025-03,8,29,18,"2,287",25,"2,316",-7,1.388888889,1.857142857,Stable/Reducing
04-03-2025,March,2025-03,4,25,10,"2,272",30,"2,297",-20,3,0.8,Stable/Reducing
05-03-2025,March,2025-03,5,20,4,"2,238",40,"2,258",-36,10,-0.25,Stable/Reducing
06-03-2025,March,2025-03,7,27,6,"2,218",33,"2,245",-27,5.5,-0.444444444,Stable/Reducing
09-03-2025,March,2025-03,12,25,15,"2,137",30,"2,162",-15,2,0,Stable/Reducing
10-03-2025,March,2025-03,6,28,8,"2,125",23,"2,153",-15,2.875,-0.133333333,Stable/Reducing
11-03-2025,March,2025-03,3,11,7,"2,116",20,"2,127",-13,2.857142857,-0.538461538,Stable/Reducing
12-03-2025,March,2025-03,6,18,2,"2,113",8,"2,131",-6,4,-1.5,Stable/Reducing
13-03-2025,March,2025-03,4,20,9,"2,116",6,"2,136",3,0.666666667,0,Increasing Pressure
16-03-2025,March,2025-03,1,9,8,"2,117",5,"2,126",3,0.625,-3.666666667,Increasing Pressure
17-03-2025,March,2025-03,5,14,0,"2,111",8,"2,125",-8,0,-0.75,Stable/Reducing
18-03-2025,March,2025-03,19,34,6,"2,109",8,"2,143",-2,1.333333333,-3.5,Stable/Reducing
19-03-2025,March,2025-03,6,22,14,"2,119",9,"2,141",5,0.642857143,-0.2,Increasing Pressure
20-03-2025,March,2025-03,9,20,11,"2,124",7,"2,144",4,0.636363636,0.75,Increasing Pressure
23-03-2025,March,2025-03,15,29,9,"2,136",2,"2,165",7,0.222222222,-0.428571429,Increasing Pressure
24-03-2025,March,2025-03,7,13,11,"2,139",7,"2,152",4,0.636363636,-0.75,Increasing Pressure
25-03-2025,March,2025-03,12,19,7,"2,145",6,"2,164",1,0.857142857,12,Increasing Pressure
26-03-2025,March,2025-03,9,21,15,"2,159",2,"2,180",13,0.133333333,-0.153846154,Increasing Pressure
27-03-2025,March,2025-03,1,19,13,"2,159",2,"2,178",11,0.153846154,-0.727272727,Increasing Pressure
30-03-2025,March,2025-03,9,20,5,"2,188",2,"2,208",3,0.4,0,Increasing Pressure
31-03-2025,March,2025-03,9,25,8,"2,193",5,"2,218",3,0.625,-2.666666667,Increasing Pressure
01-04-2025,April,2025-04,17,36,7,"2,191",12,"2,227",-5,1.714285714,-3.6,Stable/Reducing
02-04-2025,April,2025-04,5,31,16,"2,208",3,"2,239",13,0.1875,-0.230769231,Increasing Pressure
03-04-2025,April,2025-04,12,26,18,"2,223",8,"2,249",10,0.444444444,-1.4,Increasing Pressure
06-04-2025,April,2025-04,7,14,7,"2,234",11,"2,248",-4,1.571428571,-2,Stable/Reducing
07-04-2025,April,2025-04,12,22,9,"2,237",5,"2,259",4,0.555555556,-0.25,Increasing Pressure
08-04-2025,April,2025-04,12,34,12,"2,243",9,"2,277",3,0.75,0.666666667,Increasing Pressure
09-04-2025,April,2025-04,6,19,10,"2,251",5,"2,270",5,0.5,1.2,Increasing Pressure
10-04-2025,April,2025-04,18,25,17,"2,265",6,"2,290",11,0.352941176,-1.090909091,Increasing Pressure
11-04-2025,April,2025-04,8,22,8,"2,267",9,"2,289",-1,1.125,-8,Stable/Reducing
13-04-2025,April,2025-04,5,26,10,"2,283",3,"2,309",7,0.3,-1.571428571,Increasing Pressure
14-04-2025,April,2025-04,5,26,9,"2,282",13,"2,308",-4,1.444444444,-2.25,Stable/Reducing
15-04-2025,April,2025-04,4,19,12,"2,286",7,"2,305",5,0.583333333,-1.6,Increasing Pressure
16-04-2025,April,2025-04,11,30,5,"2,291",8,"2,321",-3,1.6,0.333333333,Stable/Reducing
17-04-2025,April,2025-04,7,26,10,"2,288",14,"2,314",-4,1.4,-1.5,Stable/Reducing
20-04-2025,April,2025-04,4,15,6,"2,305",4,"2,320",2,0.666666667,-1.5,Increasing Pressure
21-04-2025,April,2025-04,10,25,5,"2,308",6,"2,333",-1,1.2,2,Stable/Reducing
22-04-2025,April,2025-04,7,19,14,"2,305",17,"2,324",-3,1.214285714,1.333333333,Stable/Reducing
23-04-2025,April,2025-04,3,23,4,"2,300",11,"2,323",-7,2.75,-0.142857143,Stable/Reducing
24-04-2025,April,2025-04,3,9,7,"2,294",13,"2,303",-6,1.857142857,-2.333333333,Stable/Reducing
27-04-2025,April,2025-04,9,40,12,"2,301",4,"2,341",8,0.333333333,-0.5,Increasing Pressure
28-04-2025,April,2025-04,6,26,12,"2,307",8,"2,333",4,0.666666667,-2,Increasing Pressure
29-04-2025,April,2025-04,11,25,11,"2,304",15,"2,329",-4,1.363636364,-0.25,Stable/Reducing
30-04-2025,April,2025-04,7,34,9,"2,309",12,"2,343",-3,1.333333333,-0.333333333,Stable/Reducing
01-05-2025,May,2025-05,13,32,14,"2,306",16,"2,338",-2,1.142857143,-3.5,Stable/Reducing
04-05-2025,May,2025-05,9,31,10,"2,335",5,"2,366",5,0.5,-0.4,Increasing Pressure
05-05-2025,May,2025-05,15,44,20,"2,331",17,"2,375",3,0.85,-1,Increasing Pressure
06-05-2025,May,2025-05,10,33,16,"2,339",16,"2,372",0,1,#DIV/0!,Stable/Reducing
07-05-2025,May,2025-05,10,30,15,"2,335",10,"2,365",5,0.666666667,0,Increasing Pressure
08-05-2025,May,2025-05,15,24,16,"2,361",11,"2,385",5,0.6875,0.8,Increasing Pressure
11-05-2025,May,2025-05,15,20,12,"2,385",3,"2,405",9,0.25,-0.222222222,Increasing Pressure
12-05-2025,May,2025-05,7,33,14,"2,392",7,"2,425",7,0.5,-0.857142857,Increasing Pressure
13-05-2025,May,2025-05,18,29,12,"2,394",11,"2,423",1,0.916666667,2,Increasing Pressure
14-05-2025,May,2025-05,7,30,14,"2,394",11,"2,424",3,0.785714286,-1,Increasing Pressure
15-05-2025,May,2025-05,15,31,14,"2,410",14,"2,441",0,1,#DIV/0!,Stable/Reducing
18-05-2025,May,2025-05,13,28,14,"2,437",9,"2,465",5,0.642857143,1.2,Increasing Pressure
19-05-2025,May,2025-05,7,27,17,"2,457",6,"2,484",11,0.352941176,-1.454545455,Increasing Pressure
21-05-2025,May,2025-05,14,62,13,"2,467",18,"2,529",-5,1.384615385,-1.4,Stable/Reducing
22-05-2025,May,2025-05,18,36,17,"2,473",15,"2,509",2,0.882352941,-3,Increasing Pressure
27-05-2025,May,2025-05,6,24,7,"2,504",11,"2,528",-4,1.571428571,-0.5,Stable/Reducing
28-05-2025,May,2025-05,12,39,12,"2,499",14,"2,538",-2,1.166666667,-3,Stable/Reducing
29-05-2025,May,2025-05,13,38,15,"2,506",11,"2,544",4,0.733333333,-1.5,Increasing Pressure
03-08-2025,August,2025-08,5,26,3,"2,049",5,"2,075",-2,1.666666667,0.5,Stable/Reducing
04-08-2025,August,2025-08,5,22,11,"2,040",14,"2,062",-3,1.272727273,0.333333333,Stable/Reducing
05-08-2025,August,2025-08,2,21,10,"2,042",14,"2,063",-4,1.4,1.5,Stable/Reducing
06-08-2025,August,2025-08,4,17,3,"2,036",13,"2,053",-10,4.333333333,0.1,Stable/Reducing
07-08-2025,August,2025-08,4,18,6,"2,031",17,"2,049",-11,2.833333333,-0.636363636,Stable/Reducing
10-08-2025,August,2025-08,0,18,8,"2,006",12,"2,024",-4,1.5,2,Stable/Reducing
11-08-2025,August,2025-08,6,23,4,"1,999",16,"2,022",-12,4,-1,Stable/Reducing
12-08-2025,August,2025-08,8,38,9,"1,999",9,"2,037",0,1,#DIV/0!,Stable/Reducing
13-08-2025,August,2025-08,6,22,12,"1,997",17,"2,019",-5,1.416666667,0.4,Stable/Reducing
14-08-2025,August,2025-08,3,27,4,"1,994",11,"2,021",-7,2.75,-0.857142857,Stable/Reducing
17-08-2025,August,2025-08,4,14,2,"1,991",3,"2,005",-1,1.5,7,Stable/Reducing
18-08-2025,August,2025-08,4,20,6,"1,985",14,"2,005",-8,2.333333333,0,Stable/Reducing
19-08-2025,August,2025-08,5,35,3,"1,980",11,"2,015",-8,3.666666667,-1,Stable/Reducing
20-08-2025,August,2025-08,10,38,10,"1,983",10,"2,021",0,1,#DIV/0!,Stable/Reducing
21-08-2025,August,2025-08,6,49,8,"1,972",21,"2,021",-13,2.625,-1,Stable/Reducing
24-08-2025,August,2025-08,4,21,5,"1,981",5,"2,002",0,1,#DIV/0!,Stable/Reducing
25-08-2025,August,2025-08,8,30,8,"1,980",11,"2,010",-3,1.375,-2.666666667,Stable/Reducing
26-08-2025,August,2025-08,10,21,20,"1,989",15,"2,010",5,0.75,-3,Increasing Pressure
27-08-2025,August,2025-08,5,19,9,"1,988",19,"2,007",-10,2.111111111,0.1,Stable/Reducing
28-08-2025,August,2025-08,8,33,6,"1,984",17,"2,017",-11,2.833333333,-0.818181818,Stable/Reducing
01-10-2025,October,2025-10,4,33,12,"2,163",14,"2,196",-2,1.166666667,-0.5,Stable/Reducing
02-10-2025,October,2025-10,20,51,15,"2,164",16,"2,215",-1,1.066666667,2,Stable/Reducing
05-10-2025,October,2025-10,8,28,13,"2,180",16,"2,208",-3,1.230769231,-2.666666667,Stable/Reducing
06-10-2025,October,2025-10,5,33,15,"2,187",10,"2,220",5,0.666666667,-2.2,Increasing Pressure
07-10-2025,October,2025-10,11,45,4,"2,189",10,"2,234",-6,2.5,-0.666666667,Stable/Reducing
08-10-2025,October,2025-10,8,49,15,"2,192",17,"2,241",-2,1.133333333,-1.5,Stable/Reducing
09-10-2025,October,2025-10,11,55,13,"2,192",12,"2,247",1,0.923076923,0,Increasing Pressure
13-10-2025,October,2025-10,8,24,7,"2,223",6,"2,247",1,0.857142857,7,Increasing Pressure
14-10-2025,October,2025-10,7,30,16,"2,235",8,"2,265",8,0.5,-1.625,Increasing Pressure
15-10-2025,October,2025-10,8,29,10,"2,225",15,"2,254",-5,1.5,-2.2,Stable/Reducing
16-10-2025,October,2025-10,9,33,15,"2,233",9,"2,266",6,0.6,0.666666667,Increasing Pressure
19-10-2025,October,2025-10,9,34,17,"2,237",7,"2,271",10,0.411764706,-1.1,Increasing Pressure
20-10-2025,October,2025-10,10,39,6,"2,243",7,"2,282",-1,1.166666667,-9,Stable/Reducing
21-10-2025,October,2025-10,13,39,17,"2,251",9,"2,290",8,0.529411765,-0.875,Increasing Pressure
22-10-2025,October,2025-10,12,42,13,"2,261",12,"2,303",1,0.923076923,7,Increasing Pressure
23-10-2025,October,2025-10,4,27,26,"2,266",18,"2,293",8,0.692307692,-0.75,Increasing Pressure
26-10-2025,October,2025-10,4,35,12,"2,276",10,"2,311",2,0.833333333,-2.5,Increasing Pressure
27-10-2025,October,2025-10,2,31,8,"2,282",11,"2,313",-3,1.375,-2.666666667,Stable/Reducing
28-10-2025,October,2025-10,6,22,11,"2,286",6,"2,308",5,0.545454545,-3.6,Increasing Pressure
29-10-2025,October,2025-10,6,25,4,"2,280",17,"2,305",-13,4.25,-1.153846154,Stable/Reducing
30-10-2025,October,2025-10,3,17,14,"2,287",12,"2,304",2,0.857142857,0.5,Increasing Pressure
02-11-2025,November,2025-11,5,21,10,"2,277",7,"2,298",3,0.7,-3.333333333,Increasing Pressure
03-11-2025,November,2025-11,3,28,5,"2,269",12,"2,297",-7,2.4,-0.714285714,Stable/Reducing
04-11-2025,November,2025-11,6,33,6,"2,270",8,"2,303",-2,1.333333333,-1.5,Stable/Reducing
05-11-2025,November,2025-11,8,41,8,"2,272",7,"2,313",1,0.875,-11,Increasing Pressure
06-11-2025,November,2025-11,6,33,9,"2,264",19,"2,297",-10,2.111111111,-1.1,Stable/Reducing
09-11-2025,November,2025-11,11,33,5,"2,294",4,"2,327",1,0.8,-3,Increasing Pressure
11-11-2025,November,2025-11,11,39,12,"2,294",14,"2,333",-2,1.166666667,-7.5,Stable/Reducing
12-11-2025,November,2025-11,14,48,20,"2,302",7,"2,350",13,0.35,-0.153846154,Increasing Pressure
13-11-2025,November,2025-11,6,26,16,"2,317",5,"2,343",11,0.3125,-1.181818182,Increasing Pressure
16-11-2025,November,2025-11,5,22,3,"2,340",5,"2,362",-2,1.666666667,0,Stable/Reducing
17-11-2025,November,2025-11,1,35,6,"2,343",8,"2,378",-2,1.333333333,1,Stable/Reducing
18-11-2025,November,2025-11,2,38,8,"2,345",12,"2,383",-4,1.5,0.75,Stable/Reducing
19-11-2025,November,2025-11,7,32,3,"2,340",10,"2,372",-7,3.333333333,-0.857142857,Stable/Reducing
20-11-2025,November,2025-11,18,57,8,"2,340",9,"2,397",-1,1.125,-22,Stable/Reducing
23-11-2025,November,2025-11,3,46,22,"2,375",1,"2,421",21,0.045454545,-1.19047619,Increasing Pressure
24-11-2025,November,2025-11,9,40,9,"2,371",13,"2,411",-4,1.444444444,-1.75,Stable/Reducing
25-11-2025,November,2025-11,6,47,14,"2,375",11,"2,422",3,0.785714286,-0.666666667,Increasing Pressure
27-11-2025,November,2025-11,4,24,8,"2,389",7,"2,413",1,0.875,9,Increasing Pressure
30-11-2025,November,2025-11,4,18,10,"2,415",0,"2,433",10,0,-1.5,Increasing Pressure
01-12-2025,December,2025-12,4,26,4,"2,410",9,"2,436",-5,2.25,-0.6,Stable/Reducing
02-12-2025,December,2025-12,7,34,6,"2,407",8,"2,441",-2,1.333333333,-1.5,Stable/Reducing
03-12-2025,December,2025-12,4,32,8,"2,419",7,"2,451",1,0.875,-7,Increasing Pressure
04-12-2025,December,2025-12,16,39,7,"2,418",13,"2,457",-6,1.857142857,-1.166666667,Stable/Reducing
07-12-2025,December,2025-12,4,24,13,"2,429",12,"2,453",1,0.923076923,4,Increasing Pressure
08-12-2025,December,2025-12,9,27,9,"2,440",4,"2,467",5,0.444444444,-1.2,Increasing Pressure
09-12-2025,December,2025-12,4,30,7,"2,443",8,"2,473",-1,1.142857143,3,Stable/Reducing
10-12-2025,December,2025-12,10,54,5,"2,439",9,"2,493",-4,1.8,-0.75,Stable/Reducing
11-12-2025,December,2025-12,7,47,9,"2,437",10,"2,484",-1,1.111111111,3,Stable/Reducing
14-12-2025,December,2025-12,8,35,4,"2,462",8,"2,497",-4,2,-1.5,Stable/Reducing
15-12-2025,December,2025-12,11,42,9,"2,470",7,"2,512",2,0.777777778,2,Increasing Pressure
16-12-2025,December,2025-12,8,54,15,"2,468",9,"2,522",6,0.6,-0.833333333,Increasing Pressure
17-12-2025,December,2025-12,7,31,11,"2,481",10,"2,512",1,0.909090909,-11,Increasing Pressure
18-12-2025,December,2025-12,11,50,6,"2,472",16,"2,522",-10,2.666666667,-0.7,Stable/Reducing
21-12-2025,December,2025-12,6,18,11,"2,484",14,"2,502",-3,1.272727273,22.33333333,Stable/Reducing
01-07-2024,July,2024-07,123,233,159,"6,825",229,"7,058",-70,1.440251572,-0.771428571,Stable/Reducing
"July 01, 2025","July 01, 2025","July 01, 2025",7,14,6,"2,391",22,"2,405",-16,3.666666667,6.8125,Stable/Reducing
"July 02, 2023","July 02, 2023","July 02, 2023",209,285,184,"5,903",309,"6,188",-125,1.679347826,-1.032,Stable/Reducing
"July 02, 2024","July 02, 2024","July 02, 2024",141,232,188,"6,823",184,"7,055",4,0.978723404,-8.25,Increasing Pressure
"July 02, 2025","July 02, 2025","July 02, 2025",8,20,9,"2,373",38,"2,393",-29,4.222222222,-4.206896552,Stable/Reducing
"July 04, 2023","July 04, 2023","July 04, 2023",184,314,217,"6,127",124,"6,441",93,0.571428571,-1.365591398,Increasing Pressure
"July 04, 2024","July 04, 2024","July 04, 2024",158,226,191,"6,790",225,"7,016",-34,1.178010471,-2.852941176,Stable/Reducing
"July 05, 2023","July 05, 2023","July 05, 2023",107,215,230,"6,193",167,"6,408",63,0.726086957,-1.428571429,Increasing Pressure
"July 06, 2023","July 06, 2023","July 06, 2023",101,162,178,"6,239",205,"6,401",-27,1.151685393,-0.777777778,Stable/Reducing
"July 06, 2025","July 06, 2025","July 06, 2025",4,17,2,"2,332",8,"2,349",-6,4,-4.333333333,Stable/Reducing
"July 07, 2024","July 07, 2024","July 07, 2024",96,160,233,"6,599",213,"6,759",20,0.91416309,-1.6,Increasing Pressure
"July 07, 2025","July 07, 2025","July 07, 2025",3,18,8,"2,317",20,"2,335",-12,2.5,-1.5,Stable/Reducing
"July 08, 2024","July 08, 2024","July 08, 2024",141,173,129,"6,617",123,"6,790",6,0.953488372,-3,Increasing Pressure
"July 08, 2025","July 08, 2025","July 08, 2025",5,16,8,"2,306",20,"2,322",-12,2.5,0.666666667,Stable/Reducing
"July 09, 2023","July 09, 2023","July 09, 2023",99,190,176,"6,214",196,"6,404",-20,1.113636364,-3.6,Stable/Reducing
"July 09, 2024","July 09, 2024","July 09, 2024",116,181,182,"6,651",130,"6,832",52,0.714285714,-1.615384615,Increasing Pressure
"July 09, 2025","July 09, 2025","July 09, 2025",2,18,0,"2,281",32,"2,299",-32,0,-1.09375,Stable/Reducing
"July 10, 2023","July 10, 2023","July 10, 2023",167,239,166,"6,346",163,"6,585",3,0.981927711,7,Increasing Pressure
"July 10, 2024","July 10, 2024","July 10, 2024",150,157,201,"6,649",177,"6,806",24,0.880597015,-2.5,Increasing Pressure
"July 10, 2025","July 10, 2025","July 10, 2025",2,12,3,"2,252",39,"2,264",-36,13,-1.722222222,Stable/Reducing
"July 11, 2023","July 11, 2023","July 11, 2023",115,216,169,"6,498",143,"6,714",26,0.846153846,-3.769230769,Increasing Pressure
"July 11, 2024","July 11, 2024","July 11, 2024",80,176,125,"6,640",197,"6,816",-72,1.576,-0.763888889,Stable/Reducing
"July 12, 2023","July 12, 2023","July 12, 2023",84,158,193,"6,521",210,"6,679",-17,1.088082902,1,Stable/Reducing
"July 13, 2023","July 13, 2023","July 13, 2023",130,227,192,"6,604",226,"6,831",-34,1.177083333,-0.823529412,Stable/Reducing
"July 13, 2025","July 13, 2025","July 13, 2025",1,13,4,"2,204",10,"2,217",-6,2.5,11.16666667,Stable/Reducing
"July 14, 2024","July 14, 2024","July 14, 2024",116,188,164,"6,308",237,"6,496",-73,1.445121951,-0.657534247,Stable/Reducing
"July 14, 2025","July 14, 2025","July 14, 2025",2,9,1,"2,181",26,"2,190",-25,26,-0.48,Stable/Reducing
"July 15, 2024","July 15, 2024","July 15, 2024",105,185,158,"6,283",171,"6,468",-13,1.082278481,-0.076923077,Stable/Reducing
"July 15, 2025","July 15, 2025","July 15, 2025",0,8,5,"2,171",17,"2,179",-12,3.4,3.833333333,Stable/Reducing
"July 16, 2023","July 16, 2023","July 16, 2023",88,214,160,"6,468",218,"6,682",-58,1.3625,-0.137931034,Stable/Reducing
"July 16, 2024","July 16, 2024","July 16, 2024",136,246,123,"6,239",173,"6,485",-50,1.406504065,-0.78,Stable/Reducing
"July 16, 2025","July 16, 2025","July 16, 2025",1,9,0,"2,164",11,"2,173",-11,0,-0.909090909,Stable/Reducing
"July 17, 2023","July 17, 2023","July 17, 2023",113,208,159,"6,632",160,"6,840",-1,1.006289308,9,Stable/Reducing
"July 17, 2024","July 17, 2024","July 17, 2024",128,228,177,"6,228",187,"6,456",-10,1.056497175,0.5,Stable/Reducing
"July 17, 2025","July 17, 2025","July 17, 2025",3,16,2,"2,153",17,"2,169",-15,8.5,1.066666667,Stable/Reducing
"July 18, 2023","July 18, 2023","July 18, 2023",174,285,150,"6,874",181,"7,159",-31,1.206666667,-0.35483871,Stable/Reducing
"July 19, 2023","July 19, 2023","July 19, 2023",104,230,206,"7,001",226,"7,231",-20,1.097087379,2.35,Stable/Reducing
"July 20, 2023","July 20, 2023","July 20, 2023",147,276,214,"7,116",281,"7,392",-67,1.313084112,-0.149253731,Stable/Reducing
"July 21, 2024","July 21, 2024","July 21, 2024",90,196,205,"6,058",262,"6,254",-57,1.27804878,-0.842105263,Stable/Reducing
"July 21, 2025","July 21, 2025","July 21, 2025",4,18,7,"2,121",16,"2,139",-9,2.285714286,7.777777778,Stable/Reducing
"July 22, 2024","July 22, 2024","July 22, 2024",102,189,155,"6,002",234,"6,191",-79,1.509677419,-0.835443038,Stable/Reducing
"July 22, 2025","July 22, 2025","July 22, 2025",5,13,3,"2,117",16,"2,130",-13,5.333333333,3.846153846,Stable/Reducing
"July 23, 2023","July 23, 2023","July 23, 2023",108,220,213,"7,052",276,"7,272",-63,1.295774648,-0.301587302,Stable/Reducing
"July 23, 2024","July 23, 2024","July 23, 2024",120,257,126,"5,965",170,"6,222",-44,1.349206349,-0.795454545,Stable/Reducing
"July 23, 2025","July 23, 2025","July 23, 2025",6,21,5,"2,111",14,"2,132",-9,2.8,3.555555556,Stable/Reducing
"July 24, 2023","July 24, 2023","July 24, 2023",180,280,146,"7,220",187,"7,500",-41,1.280821918,-0.731707317,Stable/Reducing
"July 24, 2024","July 24, 2024","July 24, 2024",137,272,166,"5,927",177,"6,199",-11,1.06626506,1,Stable/Reducing
"July 24, 2025","July 24, 2025","July 24, 2025",6,18,7,"2,096",29,"2,114",-22,4.142857143,-3.272727273,Stable/Reducing
"July 25, 2023","July 25, 2023","July 25, 2023",134,294,186,"7,510",136,"7,804",50,0.731182796,-0.72,Increasing Pressure
"July 25, 2024","July 25, 2024","July 25, 2024",93,198,208,"5,954",194,"6,152",14,0.932692308,-5.071428571,Increasing Pressure
"July 26, 2023","July 26, 2023","July 26, 2023",202,313,158,"7,647",215,"7,960",-57,1.360759494,0.157894737,Stable/Reducing
"July 27, 2023","July 27, 2023","July 27, 2023",110,272,193,"7,754",259,"8,026",-66,1.341968912,-0.96969697,Stable/Reducing
"July 27, 2025","July 27, 2025","July 27, 2025",1,12,2,"2,088",4,"2,100",-2,2,3,Stable/Reducing
"July 28, 2024","July 28, 2024","July 28, 2024",152,290,199,"5,743",207,"6,033",-8,1.040201005,0.375,Stable/Reducing
"July 28, 2025","July 28, 2025","July 28, 2025",2,9,3,"2,080",14,"2,089",-11,4.666666667,-6.090909091,Stable/Reducing
"July 29, 2024","July 29, 2024","July 29, 2024",114,210,219,"5,819",163,"6,029",56,0.744292237,-1.160714286,Increasing Pressure
"July 29, 2025","July 29, 2025","July 29, 2025",2,8,3,"2,072",12,"2,080",-9,4,7.444444444,Stable/Reducing
"July 30, 2023","July 30, 2023","July 30, 2023",166,277,229,"7,671",305,"7,948",-76,1.331877729,-2.526315789,Stable/Reducing
"July 30, 2024","July 30, 2024","July 30, 2024",125,203,208,"5,930",92,"6,133",116,0.442307692,-1.103448276,Increasing Pressure
"July 30, 2025","July 30, 2025","July 30, 2025",4,15,4,"2,063",16,"2,078",-12,4,2.5,Stable/Reducing
"July 31, 2023","July 31, 2023","July 31, 2023",136,276,178,"7,800",220,"8,076",-42,1.235955056,-1.214285714,Stable/Reducing
"July 31, 2024","July 31, 2024","July 31, 2024",140,261,163,"5,963",154,"6,224",9,0.944785276,-2,Increasing Pressure
"July 31, 2025","July 31, 2025","July 31, 2025",2,9,6,"2,058",15,"2,067",-9,2.5,23.33333333,Stable/Reducing
"June 01, 2023","June 01, 2023","June 01, 2023",56,82,68,"7,002",287,"7,084",-219,4.220588235,-1.01826484,Stable/Reducing
"June 01, 2025","June 01, 2025","June 01, 2025",8,24,16,"2,528",12,"2,552",4,0.75,3,Increasing Pressure
"June 02, 2024","June 02, 2024","June 02, 2024",159,330,322,"7,546",306,"7,876",16,0.950310559,-1.6875,Increasing Pressure
"June 02, 2025","June 02, 2025","June 02, 2025",10,19,5,"2,518",16,"2,537",-11,3.2,-4,Stable/Reducing
"June 03, 2024","June 03, 2024","June 03, 2024",109,244,257,"7,596",224,"7,840",33,0.871595331,-1.121212121,Increasing Pressure
"June 03, 2025","June 03, 2025","June 03, 2025",5,23,11,"2,519",15,"2,542",-4,1.363636364,52,Stable/Reducing
"June 04, 2023","June 04, 2023","June 04, 2023",74,103,80,"6,555",292,"6,658",-212,3.65,-0.872641509,Stable/Reducing
"June 04, 2024","June 04, 2024","June 04, 2024",260,356,176,"7,565",203,"7,921",-27,1.153409091,-0.740740741,Stable/Reducing
"June 04, 2025","June 04, 2025","June 04, 2025",4,16,9,"2,516",16,"2,532",-7,1.777777778,11.42857143,Stable/Reducing
"June 05, 2023","June 05, 2023","June 05, 2023",68,107,102,"6,523",189,"6,630",-87,1.852941176,-2.068965517,Stable/Reducing
"June 05, 2024","June 05, 2024","June 05, 2024",173,345,291,"7,691",198,"8,036",93,0.680412371,-1.172043011,Increasing Pressure
"June 05, 2025","June 05, 2025","June 05, 2025",8,26,5,"2,503",21,"2,529",-16,4.2,4.875,Stable/Reducing
"June 06, 2023","June 06, 2023","June 06, 2023",92,124,93,"6,508",187,"6,632",-94,2.010752688,-1.468085106,Stable/Reducing
"June 06, 2024","June 06, 2024","June 06, 2024",179,326,282,"7,741",238,"8,067",44,0.843971631,-3.295454545,Increasing Pressure
"June 07, 2023","June 07, 2023","June 07, 2023",113,162,107,"6,483",208,"6,645",-101,1.943925234,0.227722772,Stable/Reducing
"June 08, 2023","June 08, 2023","June 08, 2023",106,196,131,"6,446",255,"6,642",-124,1.946564885,-1.016129032,Stable/Reducing
"June 08, 2025","June 08, 2025","June 08, 2025",10,16,15,"2,507",13,"2,523",2,0.866666667,-74,Increasing Pressure
"June 09, 2024","June 09, 2024","June 09, 2024",116,289,166,"7,451",312,"7,740",-146,1.879518072,-1.034246575,Stable/Reducing
"June 09, 2025","June 09, 2025","June 09, 2025",8,21,14,"2,516",9,"2,537",5,0.642857143,2.4,Increasing Pressure
"June 10, 2024","June 10, 2024","June 10, 2024",184,334,229,"7,439",212,"7,773",17,0.925764192,-1.294117647,Increasing Pressure
"June 10, 2025","June 10, 2025","June 10, 2025",17,28,7,"2,511",12,"2,539",-5,1.714285714,13,Stable/Reducing
"June 11, 2023","June 11, 2023","June 11, 2023",86,152,168,"6,007",238,"6,159",-70,1.416666667,-1.971428571,Stable/Reducing
"June 11, 2024","June 11, 2024","June 11, 2024",186,352,224,"7,493",156,"7,845",68,0.696428571,-1.602941176,Increasing Pressure
"June 12, 2023","June 12, 2023","June 12, 2023",84,118,136,"6,021",177,"6,139",-41,1.301470588,-2.512195122,Stable/Reducing
"June 12, 2024","June 12, 2024","June 12, 2024",152,266,274,"7,548",212,"7,814",62,0.773722628,-1.467741935,Increasing Pressure
"June 13, 2023","June 13, 2023","June 13, 2023",59,64,117,"6,061",146,"6,125",-29,1.247863248,0,Stable/Reducing
"June 13, 2024","June 13, 2024","June 13, 2024",167,293,230,"7,544",259,"7,837",-29,1.126086957,2.965517241,Stable/Reducing
"June 14, 2023","June 14, 2023","June 14, 2023",62,97,52,"6,065",167,"6,162",-115,3.211538462,0.52173913,Stable/Reducing
"June 15, 2023","June 15, 2023","June 15, 2023",91,75,97,"6,038",272,"6,113",-175,2.804123711,-0.651428571,Stable/Reducing
"June 16, 2024","June 16, 2024","June 16, 2024",204,315,233,"7,307",294,"7,622",-61,1.261802575,-1.786885246,Stable/Reducing
"June 17, 2024","June 17, 2024","June 17, 2024",159,310,272,"7,318",224,"7,628",48,0.823529412,-1.083333333,Increasing Pressure
"June 17, 2025","June 17, 2025","June 17, 2025",7,24,10,"2,523",14,"2,547",-4,1.4,-10.75,Stable/Reducing
"June 18, 2024","June 18, 2024","June 18, 2024",160,297,253,"7,340",214,"7,637",39,0.845849802,-4.358974359,Increasing Pressure
"June 19, 2023","June 19, 2023","June 19, 2023",29,51,11,"5,679",142,"5,730",-131,12.90909091,-1.366412214,Stable/Reducing
"June 19, 2024","June 19, 2024","June 19, 2024",204,321,246,"7,433",198,"7,754",48,0.804878049,-1.229166667,Increasing Pressure
"June 19, 2025","June 19, 2025","June 19, 2025",8,19,7,"2,501",18,"2,520",-11,2.571428571,8.090909091,Stable/Reducing
"June 20, 2023","June 20, 2023","June 20, 2023",33,53,34,"5,904",134,"5,957",-100,3.941176471,-1.08,Stable/Reducing
"June 20, 2024","June 20, 2024","June 20, 2024",145,247,243,"7,431",235,"7,678",8,0.967078189,1.5,Increasing Pressure
"June 21, 2023","June 21, 2023","June 21, 2023",93,196,169,"5,922",149,"6,118",20,0.881656805,-3.3,Increasing Pressure
"June 22, 2023","June 22, 2023","June 22, 2023",124,234,161,"5,956",207,"6,190",-46,1.285714286,-0.956521739,Stable/Reducing
"June 22, 2025","June 22, 2025","June 22, 2025",7,13,5,"2,508",7,"2,521",-2,1.4,45.5,Stable/Reducing
"June 23, 2024","June 23, 2024","June 23, 2024",102,227,201,"7,247",294,"7,474",-93,1.462686567,-0.870967742,Stable/Reducing
"June 23, 2025","June 23, 2025","June 23, 2025",3,15,5,"2,495",17,"2,510",-12,3.4,1.5,Stable/Reducing
"June 24, 2024","June 24, 2024","June 24, 2024",116,175,172,"7,239",202,"7,414",-30,1.174418605,-0.633333333,Stable/Reducing
"June 24, 2025","June 24, 2025","June 24, 2025",5,20,5,"2,489",16,"2,509",-11,3.2,7.181818182,Stable/Reducing
"June 25, 2023","June 25, 2023","June 25, 2023",92,203,173,"5,766",263,"5,969",-90,1.520231214,-0.877777778,Stable/Reducing
"June 25, 2024","June 25, 2024","June 25, 2024",172,263,191,"7,239",202,"7,502",-11,1.057591623,1,Stable/Reducing
"June 25, 2025","June 25, 2025","June 25, 2025",6,12,2,"2,470",24,"2,482",-22,12,-0.909090909,Stable/Reducing
"June 26, 2023","June 26, 2023","June 26, 2023",186,259,172,"5,819",174,"6,078",-2,1.011627907,-6,Stable/Reducing
"June 26, 2024","June 26, 2024","June 26, 2024",132,235,197,"7,268",187,"7,503",10,0.949238579,-3.8,Increasing Pressure
"June 26, 2025","June 26, 2025","June 26, 2025",3,9,7,"2,447",35,"2,456",-28,5,-3.321428571,Stable/Reducing
"June 27, 2023","June 27, 2023","June 27, 2023",154,225,220,"5,917",155,"6,142",65,0.704545455,-1.184615385,Increasing Pressure
"June 27, 2024","June 27, 2024","June 27, 2024",174,208,256,"7,248",268,"7,456",-12,1.046875,-0.833333333,Stable/Reducing
"June 28, 2023","June 28, 2023","June 28, 2023",91,199,172,"5,999",174,"6,198",-2,1.011627907,29,Stable/Reducing
"June 29, 2023","June 29, 2023","June 29, 2023",81,213,153,"6,058",213,"6,271",-60,1.392156863,-0.783333333,Stable/Reducing
"June 29, 2025","June 29, 2025","June 29, 2025",5,17,7,"2,413",20,"2,430",-13,2.857142857,7.153846154,Stable/Reducing
"June 30, 2024","June 30, 2024","June 30, 2024",123,230,167,"6,874",273,"7,104",-106,1.634730539,-0.924528302,Stable/Reducing
"June 30, 2025","June 30, 2025","June 30, 2025",9,22,8,"2,407",16,"2,429",-8,2,-2.5,Stable/Reducing
"September 01, 2025","September 01, 2025","September 01, 2025",10,29,17,"2,010",5,"2,039",12,0.294117647,4.75,Increasing Pressure
"September 02, 2024","September 02, 2024","September 02, 2024",133,270,198,"6,192",129,"6,462",69,0.651515152,-1,Increasing Pressure
"September 02, 2025","September 02, 2025","September 02, 2025",6,35,9,"2,020",9,"2,055",0,1,#DIV/0!,Stable/Reducing
"September 03, 2024","September 03, 2024","September 03, 2024",131,263,177,"6,272",112,"6,535",65,0.632768362,-0.984615385,Increasing Pressure
"September 03, 2025","September 03, 2025","September 03, 2025",4,29,11,"2,019",10,"2,048",1,0.909090909,-107,Increasing Pressure
"September 04, 2023","September 04, 2023","September 04, 2023",196,306,187,"9,988",293,"10,294",-106,1.56684492,-1.990566038,Stable/Reducing
"September 04, 2024","September 04, 2024","September 04, 2024",121,231,219,"6,375",114,"6,606",105,0.520547945,-1.114285714,Increasing Pressure
"September 04, 2025","September 04, 2025","September 04, 2025",11,40,2,"2,015",14,"2,055",-12,7,0.75,Stable/Reducing
"September 05, 2023","September 05, 2023","September 05, 2023",236,330,222,"10,142",243,"10,472",-21,1.094594595,-3.571428571,Stable/Reducing
"September 05, 2024","September 05, 2024","September 05, 2024",126,230,175,"6,448",121,"6,678",54,0.691428571,-1.907407407,Increasing Pressure
"September 06, 2023","September 06, 2023","September 06, 2023",81,230,242,"10,356",291,"10,586",-49,1.202479339,3.857142857,Stable/Reducing
"September 07, 2023","September 07, 2023","September 07, 2023",118,245,160,"10,419",398,"10,664",-238,2.4875,-1.008403361,Stable/Reducing
"September 07, 2025","September 07, 2025","September 07, 2025",4,19,9,"2,026",7,"2,045",2,0.777777778,-29.5,Increasing Pressure
"September 08, 2024","September 08, 2024","September 08, 2024",123,255,164,"6,312",221,"6,567",-57,1.347560976,-0.98245614,Stable/Reducing
"September 08, 2025","September 08, 2025","September 08, 2025",7,25,5,"2,025",6,"2,050",-1,1.2,-50,Stable/Reducing
"September 09, 2024","September 09, 2024","September 09, 2024",144,275,190,"6,353",141,"6,628",49,0.742105263,-1.06122449,Increasing Pressure
"September 09, 2025","September 09, 2025","September 09, 2025",18,42,11,"2,023",14,"2,065",-3,1.272727273,57,Stable/Reducing
"September 10, 2023","September 10, 2023","September 10, 2023",218,283,208,"10,282",382,"10,565",-174,1.836538462,-1.183908046,Stable/Reducing
"September 10, 2024","September 10, 2024","September 10, 2024",131,251,180,"6,396",148,"6,647",32,0.822222222,-1.125,Increasing Pressure
"September 10, 2025","September 10, 2025","September 10, 2025",10,47,14,"2,025",18,"2,072",-4,1.285714286,22.5,Stable/Reducing
"September 11, 2023","September 11, 2023","September 11, 2023",132,243,183,"10,492",277,"10,735",-94,1.513661202,-1.138297872,Stable/Reducing
"September 11, 2024","September 11, 2024","September 11, 2024",93,248,175,"6,410",162,"6,658",13,0.925714286,0.769230769,Increasing Pressure
"September 11, 2025","September 11, 2025","September 11, 2025",12,38,29,"2,047",6,"2,085",23,0.206896552,-8.130434783,Increasing Pressure
"September 12, 2023","September 12, 2023","September 12, 2023",224,315,152,"10,649",316,"10,964",-164,2.078947368,-0.93902439,Stable/Reducing
"September 12, 2024","September 12, 2024","September 12, 2024",184,280,210,"6,360",220,"6,640",-10,1.047619048,12,Stable/Reducing
"September 13, 2023","September 13, 2023","September 13, 2023",167,326,213,"10,678",343,"11,004",-130,1.610328638,-0.484615385,Stable/Reducing
"September 13, 2024","September 13, 2024","September 13, 2024",81,200,212,"6,326",279,"6,526",-67,1.316037736,1.71641791,Stable/Reducing
"September 14, 2023","September 14, 2023","September 14, 2023",209,353,232,"10,837",414,"11,190",-182,1.784482759,-1.043956044,Stable/Reducing
"September 14, 2025","September 14, 2025","September 14, 2025",7,39,13,"2,083",5,"2,122",8,0.384615385,-6.375,Increasing Pressure
"September 15, 2024","September 15, 2024","September 15, 2024",98,220,167,"6,234",210,"6,454",-43,1.25748503,-1,Stable/Reducing
"September 15, 2025","September 15, 2025","September 15, 2025",9,47,10,"2,086",10,"2,133",0,1,#DIV/0!,Stable/Reducing
"September 16, 2024","September 16, 2024","September 16, 2024",113,209,160,"6,229",164,"6,438",-4,1.025,-2.25,Stable/Reducing
"September 16, 2025","September 16, 2025","September 16, 2025",7,28,17,"2,095",12,"2,123",5,0.705882353,-29.2,Increasing Pressure
"September 17, 2023","September 17, 2023","September 17, 2023",153,253,286,"10,799",427,"11,052",-141,1.493006993,-0.85106383,Stable/Reducing
"September 17, 2024","September 17, 2024","September 17, 2024",159,304,139,"6,227",160,"6,531",-21,1.151079137,-0.619047619,Stable/Reducing
"September 17, 2025","September 17, 2025","September 17, 2025",7,38,5,"2,096",13,"2,134",-8,2.6,10.75,Stable/Reducing
"September 18, 2023","September 18, 2023","September 18, 2023",180,337,219,"10,892",313,"11,229",-94,1.429223744,-1.723404255,Stable/Reducing
"September 18, 2024","September 18, 2024","September 18, 2024",116,213,217,"6,245",149,"6,458",68,0.686635945,-1.044117647,Increasing Pressure
"September 18, 2025","September 18, 2025","September 18, 2025",20,52,11,"2,096",14,"2,148",-3,1.272727273,22.66666667,Stable/Reducing
"September 19, 2023","September 19, 2023","September 19, 2023",133,287,189,"11,095",260,"11,382",-71,1.375661376,-0.732394366,Stable/Reducing
"September 19, 2024","September 19, 2024","September 19, 2024",93,196,169,"6,270",188,"6,466",-19,1.112426036,5.157894737,Stable/Reducing
"September 20, 2023","September 20, 2023","September 20, 2023",187,310,247,"11,064",364,"11,374",-117,1.473684211,0.863247863,Stable/Reducing
"September 21, 2023","September 21, 2023","September 21, 2023",168,285,210,"11,067",428,"11,352",-218,2.038095238,-1.036697248,Stable/Reducing
"September 21, 2025","September 21, 2025","September 21, 2025",8,35,13,"2,134",5,"2,169",8,0.384615385,-5.5,Increasing Pressure
"September 22, 2024","September 22, 2024","September 22, 2024",124,234,161,"5,989",197,"6,223",-36,1.223602484,-1.111111111,Stable/Reducing
"September 22, 2025","September 22, 2025","September 22, 2025",17,40,14,"2,141",10,"2,181",4,0.714285714,1,Increasing Pressure
"September 23, 2024","September 23, 2024","September 23, 2024",92,203,173,"6,002",165,"6,205",8,0.953757225,-1.625,Increasing Pressure
"September 23, 2025","September 23, 2025","September 23, 2025",11,36,10,"2,145",15,"2,181",-5,1.5,38.8,Stable/Reducing
"September 24, 2023","September 24, 2023","September 24, 2023",269,412,204,"10,744",403,"11,156",-199,1.975490196,-1.145728643,Stable/Reducing
"September 24, 2024","September 24, 2024","September 24, 2024",186,259,172,"6,023",143,"6,282",29,0.831395349,-1.172413793,Increasing Pressure
"September 24, 2025","September 24, 2025","September 24, 2025",3,38,12,"2,138",17,"2,176",-5,1.416666667,8.6,Stable/Reducing
"September 25, 2023","September 25, 2023","September 25, 2023",100,255,236,"10,842",284,"11,097",-48,1.203389831,-2.0625,Stable/Reducing
"September 25, 2024","September 25, 2024","September 25, 2024",154,225,220,"6,050",169,"6,275",51,0.768181818,-1.117647059,Increasing Pressure
"September 25, 2025","September 25, 2025","September 25, 2025",6,35,12,"2,132",18,"2,167",-6,1.5,24.83333333,Stable/Reducing
"September 26, 2023","September 26, 2023","September 26, 2023",205,294,177,"10,978",332,"11,272",-155,1.875706215,-0.916129032,Stable/Reducing
"September 26, 2024","September 26, 2024","September 26, 2024",91,199,172,"6,090",185,"6,289",-13,1.075581395,8.230769231,Stable/Reducing
"September 27, 2023","September 27, 2023","September 27, 2023",161,304,211,"11,017",331,"11,321",-120,1.568720379,1.116666667,Stable/Reducing
"September 28, 2023","September 28, 2023","September 28, 2023",57,162,193,"10,984",447,"11,146",-254,2.316062176,-1.011811024,Stable/Reducing
"September 28, 2025","September 28, 2025","September 28, 2025",11,29,12,"2,146",9,"2,175",3,0.75,-9,Increasing Pressure
"September 29, 2024","September 29, 2024","September 29, 2024",81,213,153,"5,925",177,"6,138",-24,1.156862745,-0.958333333,Stable/Reducing
"September 29, 2025","September 29, 2025","September 29, 2025",8,35,12,"2,148",13,"2,183",-1,1.083333333,-47,Stable/Reducing
"September 30, 2024","September 30, 2024","September 30, 2024",209,285,184,"5,967",138,"6,252",46,0.75,-0.891304348,Increasing Pressure
"September 30, 2025","September 30, 2025","September 30, 2025",8,32,12,"2,159",7,"2,191",5,0.583333333,-1,Increasing Pressure
